<?xml version="1.0"?>
<!--
/**
 *
 * ShipperHQ Shipping Module
 *
 * NOTICE OF LICENSE
 *
 * This source file is subject to the Open Software License (OSL 3.0)
 * that is bundled with this package in the file LICENSE.txt.
 * It is also available through the world-wide-web at this URL:
 * http://opensource.org/licenses/osl-3.0.php
 * If you did not receive a copy of the license and are unable to
 * obtain it through the world-wide-web, please send an email
 * to license@magentocommerce.com so we can send you a copy immediately.
 *
 * DISCLAIMER
 *
 * Do not edit or add to this file if you wish to upgrade Magento to newer
 * versions in the future. If you wish to customize Magento for your
 * needs please refer to http://www.magentocommerce.com for more information.
 *
 * Shipper HQ Shipping
 *
 * @category ShipperHQ
 * @package ShipperHQ_AddressAutocomplete
 * @copyright Copyright (c) 2017 Zowta LLC (http://www.ShipperHQ.com)
 * @license http://opensource.org/licenses/osl-3.0.php Open Software License (OSL 3.0)
 * @author ShipperHQ Team sales@shipperhq.com
*/
/**
 * Copyright © 2017 Magento. All rights reserved.
 * See COPYING.txt for license details.
 */
-->
<config xmlns:xsi="http://www.w3.org/2001/XMLSchema-instance"
        xsi:noNamespaceSchemaLocation="urn:magento:module:Magento_Config:etc/system_file.xsd">
    <system>
        <section id="shipping">
            <group id="shipper_autocomplete" translate="label" type="text" sortOrder="3" showInDefault="1" showInWebsite="1"
                   showInStore="1">
                <label>ShipperHQ Address Autocomplete</label>
                <comment>
                    <![CDATA[
                    				<div style="padding:10px;background-color:#fff;border:1px solid #ddd;margin-bottom:7px;">
                    For configuration instructions and further information, please see the <a href="http://docs.shipperhq.com/configure-shipperhq-address-autocomplete" target="_blank">ShipperHQ Address Autocomplete knowledge base</a>.<br /><br />
                    If you have questions about ShipperHQ or need support, visit <a href="http://www.ShipperHQ.com" target="_blank">http://www.ShipperHQ.com</a>.<br />
                    ShipperHQ is a product of <a href="http://www.webshopapps.com" target="_blank">WebShopApps</a>, developers of powerful shipping solutions for Magento. <br />
 				</div>
               ]]>
                </comment>
                <field id="active" translate="label" type="select" sortOrder="10" showInDefault="1" showInWebsite="1"
                       showInStore="1">
                    <label>Enabled</label>
                    <source_model>Magento\Config\Model\Config\Source\Yesno</source_model>
                </field>
                <field id="google_api_key" translate="label" sortOrder="120" showInDefault="1" showInWebsite="1"
                       showInStore="1">
                    <label>API Key</label>
                    <comment><![CDATA[<a href="http://docs.shipperhq.com/setting-up-google-maps-api-keys/" target="_blank">How to obtain Google API Key</a>]]> </comment></field>
            </group>
        </section>
    </system>
</config>
